{
    "showcase": {
        "baby": {
            "avatarID": {
                "objectClass": 4,
                "type": 10,
                "server": 0,
                "num": "9551010"
            },
            "playerID": {
                "objectClass": 4,
                "type": 1,
                "server": 2,
                "num": "83153"
            },
            "buildingID": null,
            "name": "\"Vampira Wolfy\"",
            "bio": "null",
            "gender": "null",
            "createTS": {
                "handle": "0x74127589c0"
            },
            "playerAvatarOutfitId": null,
            "outfitNo": 0,
            "x": 0,
            "y": 0,
            "z": 0,
            "rotation": "null",
            "parentID": null,
            "parentTemplateID": null,
            "parentOrdinal": 0,
            "playTime": null,
            "lastPlay": null,
            "birthDay": null,
            "breed": 0,
            "state": 2,
            "rarity": 5,
            "babyTasks": 0,
            "growthPoints": 0,
            "bonusAvailable": false,
            "skills": [],
            "kidTasks": 0,
            "accent01ID": {
                "objectClass": 4,
                "type": 200,
                "server": 0,
                "num": "1372"
            },
            "accent02ID": {
                "objectClass": 4,
                "type": 200,
                "server": 0,
                "num": "190"
            },
            "accent03ID": {
                "objectClass": 4,
                "type": 200,
                "server": 0,
                "num": "1111"
            },
            "accent04ID": null,
            "accent05ID": {
                "objectClass": 4,
                "type": 200,
                "server": 0,
                "num": "1208"
            },
            "accent06ID": null,
            "accent07ID": {
                "objectClass": 4,
                "type": 200,
                "server": 0,
                "num": "1246"
            },
            "accent08ID": {
                "objectClass": 4,
                "type": 200,
                "server": 0,
                "num": "33"
            },
            "accent09ID": {
                "objectClass": 4,
                "type": 200,
                "server": 0,
                "num": "1366"
            },
            "accent10ID": null,
            "playedByID": null,
            "generation": 10,
            "primaryParentID": {
                "objectClass": 4,
                "type": 11,
                "server": 2,
                "num": "244969"
            },
            "secondaryParentID": {
                "objectClass": 4,
                "type": 11,
                "server": 2,
                "num": "231915"
            },
            "accent01Origin": 3,
            "accent02Origin": 4,
            "accent03Origin": 6,
            "accent04Origin": 0,
            "accent05Origin": 7,
            "accent06Origin": 0,
            "accent07Origin": 7,
            "accent08Origin": 4,
            "accent09Origin": 4,
            "accent10Origin": 0,
            "accent01Rarity": null,
            "accent02Rarity": null,
            "accent03Rarity": null,
            "accent04Rarity": null,
            "accent05Rarity": null,
            "accent06Rarity": null,
            "accent07Rarity": null,
            "accent08Rarity": null,
            "accent09Rarity": null,
            "accent10Rarity": null,
            "daycareType": null,
            "daycareEndDate": null,
            "playerAvatarItemId": null,
            "avatar": null,
            "avatarAccents": null,
            "outfits": null,
            "clothes": null,
            "deferredInitialization": null,
            "babyState": null,
            "OnAddClothing": null,
            "OnRemoveClothing": null,
            "OnUpdateClothing": null,
            "OnPlayerAvatarStateChange": null,
            "OnPlayerAvatarBabyTasksChanged": null,
            "OnPlayerAvatarChildTasksChanged": null,
            "OnPlayerAvatarGrowthPointsChanged": null,
            "OnPlayerAvatarBonusAvailableChanged": null,
            "OnPlayerAvatarParentChanged": null,
            "OnPlayerAvatarDaycareTypeChanged": null,
            "OnTransferClothing": null,
            "primaryParent": null,
            "secondaryParent": null,
            "accentSlotRarities": null,
            "plushPurchaseOrder": null,
            "oid": {
                "objectClass": 4,
                "type": 11,
                "server": 2,
                "num": "252834"
            }
        },
        "primaryParent": {
            "avatarID": {
                "objectClass": 4,
                "type": 10,
                "server": 0,
                "num": "9551010"
            },
            "playerID": {
                "objectClass": 4,
                "type": 1,
                "server": 2,
                "num": "83153"
            },
            "buildingID": null,
            "name": "\"Vampira On Fuego\"",
            "bio": "null",
            "gender": "null",
            "createTS": {
                "handle": "0x7412758960"
            },
            "playerAvatarOutfitId": null,
            "outfitNo": 0,
            "x": 0,
            "y": 0,
            "z": 0,
            "rotation": "null",
            "parentID": null,
            "parentTemplateID": null,
            "parentOrdinal": 0,
            "playTime": null,
            "lastPlay": null,
            "birthDay": null,
            "breed": 0,
            "state": 2,
            "rarity": 6,
            "babyTasks": 0,
            "growthPoints": 0,
            "bonusAvailable": false,
            "skills": [],
            "kidTasks": 0,
            "accent01ID": {
                "objectClass": 4,
                "type": 200,
                "server": 0,
                "num": "1375"
            },
            "accent02ID": {
                "objectClass": 4,
                "type": 200,
                "server": 0,
                "num": "55"
            },
            "accent03ID": {
                "objectClass": 4,
                "type": 200,
                "server": 0,
                "num": "1111"
            },
            "accent04ID": {
                "objectClass": 4,
                "type": 200,
                "server": 0,
                "num": "1392"
            },
            "accent05ID": {
                "objectClass": 4,
                "type": 200,
                "server": 0,
                "num": "689"
            },
            "accent06ID": null,
            "accent07ID": null,
            "accent08ID": {
                "objectClass": 4,
                "type": 200,
                "server": 0,
                "num": "35"
            },
            "accent09ID": {
                "objectClass": 4,
                "type": 200,
                "server": 0,
                "num": "1367"
            },
            "accent10ID": {
                "objectClass": 4,
                "type": 200,
                "server": 0,
                "num": "688"
            },
            "playedByID": null,
            "generation": 3,
            "primaryParentID": {
                "objectClass": 4,
                "type": 11,
                "server": 2,
                "num": "244056"
            },
            "secondaryParentID": {
                "objectClass": 4,
                "type": 11,
                "server": 2,
                "num": "114747"
            },
            "accent01Origin": 5,
            "accent02Origin": 4,
            "accent03Origin": 5,
            "accent04Origin": 4,
            "accent05Origin": 7,
            "accent06Origin": 0,
            "accent07Origin": 0,
            "accent08Origin": 4,
            "accent09Origin": 4,
            "accent10Origin": 7,
            "accent01Rarity": null,
            "accent02Rarity": null,
            "accent03Rarity": null,
            "accent04Rarity": null,
            "accent05Rarity": null,
            "accent06Rarity": null,
            "accent07Rarity": null,
            "accent08Rarity": null,
            "accent09Rarity": null,
            "accent10Rarity": null,
            "daycareType": null,
            "daycareEndDate": null,
            "playerAvatarItemId": null,
            "avatar": null,
            "avatarAccents": null,
            "outfits": null,
            "clothes": null,
            "deferredInitialization": null,
            "babyState": null,
            "OnAddClothing": null,
            "OnRemoveClothing": null,
            "OnUpdateClothing": null,
            "OnPlayerAvatarStateChange": null,
            "OnPlayerAvatarBabyTasksChanged": null,
            "OnPlayerAvatarChildTasksChanged": null,
            "OnPlayerAvatarGrowthPointsChanged": null,
            "OnPlayerAvatarBonusAvailableChanged": null,
            "OnPlayerAvatarParentChanged": null,
            "OnPlayerAvatarDaycareTypeChanged": null,
            "OnTransferClothing": null,
            "primaryParent": null,
            "secondaryParent": null,
            "accentSlotRarities": null,
            "plushPurchaseOrder": null,
            "oid": {
                "objectClass": 4,
                "type": 11,
                "server": 2,
                "num": "244969"
            }
        },
        "secondaryParent": {
            "avatarID": {
                "objectClass": 4,
                "type": 10,
                "server": 0,
                "num": "9551007"
            },
            "playerID": {
                "objectClass": 4,
                "type": 1,
                "server": 2,
                "num": "83153"
            },
            "buildingID": null,
            "name": "\"Trixie\"",
            "bio": "null",
            "gender": "null",
            "createTS": {
                "handle": "0x7412758900"
            },
            "playerAvatarOutfitId": null,
            "outfitNo": 0,
            "x": 0,
            "y": 0,
            "z": 0,
            "rotation": "null",
            "parentID": null,
            "parentTemplateID": null,
            "parentOrdinal": 0,
            "playTime": null,
            "lastPlay": null,
            "birthDay": null,
            "breed": 0,
            "state": 2,
            "rarity": 5,
            "babyTasks": 0,
            "growthPoints": 0,
            "bonusAvailable": false,
            "skills": [],
            "kidTasks": 0,
            "accent01ID": {
                "objectClass": 4,
                "type": 200,
                "server": 0,
                "num": "1231"
            },
            "accent02ID": {
                "objectClass": 4,
                "type": 200,
                "server": 0,
                "num": "1251"
            },
            "accent03ID": {
                "objectClass": 4,
                "type": 200,
                "server": 0,
                "num": "1223"
            },
            "accent04ID": null,
            "accent05ID": {
                "objectClass": 4,
                "type": 200,
                "server": 0,
                "num": "1208"
            },
            "accent06ID": null,
            "accent07ID": {
                "objectClass": 4,
                "type": 200,
                "server": 0,
                "num": "1246"
            },
            "accent08ID": {
                "objectClass": 4,
                "type": 200,
                "server": 0,
                "num": "37"
            },
            "accent09ID": {
                "objectClass": 4,
                "type": 200,
                "server": 0,
                "num": "850"
            },
            "accent10ID": {
                "objectClass": 4,
                "type": 200,
                "server": 0,
                "num": "1350"
            },
            "playedByID": null,
            "generation": 9,
            "primaryParentID": {
                "objectClass": 4,
                "type": 11,
                "server": 2,
                "num": "231913"
            },
            "secondaryParentID": {
                "objectClass": 4,
                "type": 11,
                "server": 2,
                "num": "153449"
            },
            "accent01Origin": 0,
            "accent02Origin": 4,
            "accent03Origin": 0,
            "accent04Origin": 0,
            "accent05Origin": 4,
            "accent06Origin": 0,
            "accent07Origin": 4,
            "accent08Origin": 7,
            "accent09Origin": 7,
            "accent10Origin": 4,
            "accent01Rarity": null,
            "accent02Rarity": null,
            "accent03Rarity": null,
            "accent04Rarity": null,
            "accent05Rarity": null,
            "accent06Rarity": null,
            "accent07Rarity": null,
            "accent08Rarity": null,
            "accent09Rarity": null,
            "accent10Rarity": null,
            "daycareType": null,
            "daycareEndDate": null,
            "playerAvatarItemId": null,
            "avatar": null,
            "avatarAccents": null,
            "outfits": null,
            "clothes": null,
            "deferredInitialization": null,
            "babyState": null,
            "OnAddClothing": null,
            "OnRemoveClothing": null,
            "OnUpdateClothing": null,
            "OnPlayerAvatarStateChange": null,
            "OnPlayerAvatarBabyTasksChanged": null,
            "OnPlayerAvatarChildTasksChanged": null,
            "OnPlayerAvatarGrowthPointsChanged": null,
            "OnPlayerAvatarBonusAvailableChanged": null,
            "OnPlayerAvatarParentChanged": null,
            "OnPlayerAvatarDaycareTypeChanged": null,
            "OnTransferClothing": null,
            "primaryParent": null,
            "secondaryParent": null,
            "accentSlotRarities": null,
            "plushPurchaseOrder": null,
            "oid": {
                "objectClass": 4,
                "type": 11,
                "server": 2,
                "num": "231915"
            }
        }
    }
}