{
    "showcase": {
        "baby": {
            "avatarID": {
                "objectClass": 4,
                "type": 10,
                "server": 0,
                "num": "9550971"
            },
            "playerID": {
                "objectClass": 4,
                "type": 1,
                "server": 2,
                "num": "148995"
            },
            "buildingID": null,
            "name": "\"Ash\"",
            "bio": "null",
            "gender": "null",
            "createTS": {
                "handle": "0x7412758960"
            },
            "playerAvatarOutfitId": null,
            "outfitNo": 0,
            "x": 0,
            "y": 0,
            "z": 0,
            "rotation": "null",
            "parentID": null,
            "parentTemplateID": null,
            "parentOrdinal": 0,
            "playTime": null,
            "lastPlay": null,
            "birthDay": null,
            "breed": 0,
            "state": 2,
            "rarity": 3,
            "babyTasks": 0,
            "growthPoints": 0,
            "bonusAvailable": false,
            "skills": [],
            "kidTasks": 0,
            "accent01ID": {
                "objectClass": 4,
                "type": 200,
                "server": 0,
                "num": "342"
            },
            "accent02ID": {
                "objectClass": 4,
                "type": 200,
                "server": 0,
                "num": "193"
            },
            "accent03ID": {
                "objectClass": 4,
                "type": 200,
                "server": 0,
                "num": "351"
            },
            "accent04ID": {
                "objectClass": 4,
                "type": 200,
                "server": 0,
                "num": "360"
            },
            "accent05ID": {
                "objectClass": 4,
                "type": 200,
                "server": 0,
                "num": "981"
            },
            "accent06ID": {
                "objectClass": 4,
                "type": 200,
                "server": 0,
                "num": "334"
            },
            "accent07ID": {
                "objectClass": 4,
                "type": 200,
                "server": 0,
                "num": "372"
            },
            "accent08ID": {
                "objectClass": 4,
                "type": 200,
                "server": 0,
                "num": "33"
            },
            "accent09ID": {
                "objectClass": 4,
                "type": 200,
                "server": 0,
                "num": "498"
            },
            "accent10ID": null,
            "playedByID": null,
            "generation": 3,
            "primaryParentID": {
                "objectClass": 4,
                "type": 11,
                "server": 2,
                "num": "232138"
            },
            "secondaryParentID": {
                "objectClass": 4,
                "type": 11,
                "server": 2,
                "num": "223278"
            },
            "accent01Origin": 4,
            "accent02Origin": 4,
            "accent03Origin": 0,
            "accent04Origin": 4,
            "accent05Origin": 7,
            "accent06Origin": 6,
            "accent07Origin": 4,
            "accent08Origin": 7,
            "accent09Origin": 0,
            "accent10Origin": 0,
            "accent01Rarity": null,
            "accent02Rarity": null,
            "accent03Rarity": null,
            "accent04Rarity": null,
            "accent05Rarity": null,
            "accent06Rarity": null,
            "accent07Rarity": null,
            "accent08Rarity": null,
            "accent09Rarity": null,
            "accent10Rarity": null,
            "daycareType": null,
            "daycareEndDate": null,
            "playerAvatarItemId": null,
            "avatar": null,
            "avatarAccents": null,
            "outfits": null,
            "clothes": null,
            "deferredInitialization": null,
            "babyState": null,
            "OnAddClothing": null,
            "OnRemoveClothing": null,
            "OnUpdateClothing": null,
            "OnPlayerAvatarStateChange": null,
            "OnPlayerAvatarBabyTasksChanged": null,
            "OnPlayerAvatarChildTasksChanged": null,
            "OnPlayerAvatarGrowthPointsChanged": null,
            "OnPlayerAvatarBonusAvailableChanged": null,
            "OnPlayerAvatarParentChanged": null,
            "OnPlayerAvatarDaycareTypeChanged": null,
            "OnTransferClothing": null,
            "primaryParent": null,
            "secondaryParent": null,
            "accentSlotRarities": null,
            "plushPurchaseOrder": null,
            "oid": {
                "objectClass": 4,
                "type": 11,
                "server": 2,
                "num": "253111"
            }
        },
        "primaryParent": {
            "avatarID": {
                "objectClass": 4,
                "type": 10,
                "server": 0,
                "num": "9550971"
            },
            "playerID": {
                "objectClass": 4,
                "type": 1,
                "server": 2,
                "num": "148995"
            },
            "buildingID": null,
            "name": "\"Ming\"",
            "bio": "null",
            "gender": "null",
            "createTS": {
                "handle": "0x7412758900"
            },
            "playerAvatarOutfitId": null,
            "outfitNo": 0,
            "x": 0,
            "y": 0,
            "z": 0,
            "rotation": "null",
            "parentID": null,
            "parentTemplateID": null,
            "parentOrdinal": 0,
            "playTime": null,
            "lastPlay": null,
            "birthDay": null,
            "breed": 0,
            "state": 2,
            "rarity": 2,
            "babyTasks": 0,
            "growthPoints": 0,
            "bonusAvailable": false,
            "skills": [],
            "kidTasks": 0,
            "accent01ID": {
                "objectClass": 4,
                "type": 200,
                "server": 0,
                "num": "346"
            },
            "accent02ID": {
                "objectClass": 4,
                "type": 200,
                "server": 0,
                "num": "900"
            },
            "accent03ID": {
                "objectClass": 4,
                "type": 200,
                "server": 0,
                "num": "355"
            },
            "accent04ID": {
                "objectClass": 4,
                "type": 200,
                "server": 0,
                "num": "359"
            },
            "accent05ID": {
                "objectClass": 4,
                "type": 200,
                "server": 0,
                "num": "1204"
            },
            "accent06ID": {
                "objectClass": 4,
                "type": 200,
                "server": 0,
                "num": "334"
            },
            "accent07ID": {
                "objectClass": 4,
                "type": 200,
                "server": 0,
                "num": "1239"
            },
            "accent08ID": null,
            "accent09ID": {
                "objectClass": 4,
                "type": 200,
                "server": 0,
                "num": "498"
            },
            "accent10ID": null,
            "playedByID": null,
            "generation": 2,
            "primaryParentID": {
                "objectClass": 4,
                "type": 11,
                "server": 2,
                "num": "232134"
            },
            "secondaryParentID": {
                "objectClass": 4,
                "type": 11,
                "server": 2,
                "num": "232135"
            },
            "accent01Origin": 3,
            "accent02Origin": 0,
            "accent03Origin": 4,
            "accent04Origin": 0,
            "accent05Origin": 7,
            "accent06Origin": 4,
            "accent07Origin": 7,
            "accent08Origin": 0,
            "accent09Origin": 0,
            "accent10Origin": 0,
            "accent01Rarity": null,
            "accent02Rarity": null,
            "accent03Rarity": null,
            "accent04Rarity": null,
            "accent05Rarity": null,
            "accent06Rarity": null,
            "accent07Rarity": null,
            "accent08Rarity": null,
            "accent09Rarity": null,
            "accent10Rarity": null,
            "daycareType": null,
            "daycareEndDate": null,
            "playerAvatarItemId": null,
            "avatar": null,
            "avatarAccents": null,
            "outfits": null,
            "clothes": null,
            "deferredInitialization": null,
            "babyState": null,
            "OnAddClothing": null,
            "OnRemoveClothing": null,
            "OnUpdateClothing": null,
            "OnPlayerAvatarStateChange": null,
            "OnPlayerAvatarBabyTasksChanged": null,
            "OnPlayerAvatarChildTasksChanged": null,
            "OnPlayerAvatarGrowthPointsChanged": null,
            "OnPlayerAvatarBonusAvailableChanged": null,
            "OnPlayerAvatarParentChanged": null,
            "OnPlayerAvatarDaycareTypeChanged": null,
            "OnTransferClothing": null,
            "primaryParent": null,
            "secondaryParent": null,
            "accentSlotRarities": null,
            "plushPurchaseOrder": null,
            "oid": {
                "objectClass": 4,
                "type": 11,
                "server": 2,
                "num": "232138"
            }
        },
        "secondaryParent": {
            "avatarID": {
                "objectClass": 4,
                "type": 10,
                "server": 0,
                "num": "9550976"
            },
            "playerID": {
                "objectClass": 4,
                "type": 1,
                "server": 2,
                "num": "148995"
            },
            "buildingID": null,
            "name": "\"Marlborough\"",
            "bio": "null",
            "gender": "null",
            "createTS": {
                "handle": "0x74127588a0"
            },
            "playerAvatarOutfitId": null,
            "outfitNo": 0,
            "x": 0,
            "y": 0,
            "z": 0,
            "rotation": "null",
            "parentID": null,
            "parentTemplateID": null,
            "parentOrdinal": 0,
            "playTime": null,
            "lastPlay": null,
            "birthDay": null,
            "breed": 0,
            "state": 2,
            "rarity": 2,
            "babyTasks": 0,
            "growthPoints": 0,
            "bonusAvailable": false,
            "skills": [],
            "kidTasks": 0,
            "accent01ID": {
                "objectClass": 4,
                "type": 200,
                "server": 0,
                "num": "541"
            },
            "accent02ID": {
                "objectClass": 4,
                "type": 200,
                "server": 0,
                "num": "24"
            },
            "accent03ID": {
                "objectClass": 4,
                "type": 200,
                "server": 0,
                "num": "67"
            },
            "accent04ID": {
                "objectClass": 4,
                "type": 200,
                "server": 0,
                "num": "570"
            },
            "accent05ID": {
                "objectClass": 4,
                "type": 200,
                "server": 0,
                "num": "981"
            },
            "accent06ID": {
                "objectClass": 4,
                "type": 200,
                "server": 0,
                "num": "545"
            },
            "accent07ID": {
                "objectClass": 4,
                "type": 200,
                "server": 0,
                "num": "584"
            },
            "accent08ID": {
                "objectClass": 4,
                "type": 200,
                "server": 0,
                "num": "33"
            },
            "accent09ID": {
                "objectClass": 4,
                "type": 200,
                "server": 0,
                "num": "562"
            },
            "accent10ID": {
                "objectClass": 4,
                "type": 200,
                "server": 0,
                "num": "986"
            },
            "playedByID": null,
            "generation": 2,
            "primaryParentID": {
                "objectClass": 4,
                "type": 11,
                "server": 2,
                "num": "182987"
            },
            "secondaryParentID": {
                "objectClass": 4,
                "type": 11,
                "server": 2,
                "num": "182981"
            },
            "accent01Origin": 0,
            "accent02Origin": 4,
            "accent03Origin": 4,
            "accent04Origin": 4,
            "accent05Origin": 7,
            "accent06Origin": 0,
            "accent07Origin": 4,
            "accent08Origin": 4,
            "accent09Origin": 0,
            "accent10Origin": 7,
            "accent01Rarity": null,
            "accent02Rarity": null,
            "accent03Rarity": null,
            "accent04Rarity": null,
            "accent05Rarity": null,
            "accent06Rarity": null,
            "accent07Rarity": null,
            "accent08Rarity": null,
            "accent09Rarity": null,
            "accent10Rarity": null,
            "daycareType": null,
            "daycareEndDate": null,
            "playerAvatarItemId": null,
            "avatar": null,
            "avatarAccents": null,
            "outfits": null,
            "clothes": null,
            "deferredInitialization": null,
            "babyState": null,
            "OnAddClothing": null,
            "OnRemoveClothing": null,
            "OnUpdateClothing": null,
            "OnPlayerAvatarStateChange": null,
            "OnPlayerAvatarBabyTasksChanged": null,
            "OnPlayerAvatarChildTasksChanged": null,
            "OnPlayerAvatarGrowthPointsChanged": null,
            "OnPlayerAvatarBonusAvailableChanged": null,
            "OnPlayerAvatarParentChanged": null,
            "OnPlayerAvatarDaycareTypeChanged": null,
            "OnTransferClothing": null,
            "primaryParent": null,
            "secondaryParent": null,
            "accentSlotRarities": null,
            "plushPurchaseOrder": null,
            "oid": {
                "objectClass": 4,
                "type": 11,
                "server": 2,
                "num": "223278"
            }
        }
    }
}