{
    "showcase": {
        "baby": {
            "avatarID": {
                "objectClass": 4,
                "type": 10,
                "server": 0,
                "num": "9550974"
            },
            "playerID": {
                "objectClass": 4,
                "type": 1,
                "server": 2,
                "num": "232263"
            },
            "buildingID": null,
            "name": "\"Violet\"",
            "bio": "null",
            "gender": "null",
            "createTS": {
                "handle": "0x74127589c0"
            },
            "playerAvatarOutfitId": null,
            "outfitNo": 0,
            "x": 0,
            "y": 0,
            "z": 0,
            "rotation": "null",
            "parentID": null,
            "parentTemplateID": null,
            "parentOrdinal": 0,
            "playTime": null,
            "lastPlay": null,
            "birthDay": null,
            "breed": 0,
            "state": 2,
            "rarity": 2,
            "babyTasks": 0,
            "growthPoints": 0,
            "bonusAvailable": false,
            "skills": [],
            "kidTasks": 0,
            "accent01ID": {
                "objectClass": 4,
                "type": 200,
                "server": 0,
                "num": "434"
            },
            "accent02ID": {
                "objectClass": 4,
                "type": 200,
                "server": 0,
                "num": "429"
            },
            "accent03ID": {
                "objectClass": 4,
                "type": 200,
                "server": 0,
                "num": "52"
            },
            "accent04ID": {
                "objectClass": 4,
                "type": 200,
                "server": 0,
                "num": "840"
            },
            "accent05ID": {
                "objectClass": 4,
                "type": 200,
                "server": 0,
                "num": "440"
            },
            "accent06ID": {
                "objectClass": 4,
                "type": 200,
                "server": 0,
                "num": "61"
            },
            "accent07ID": {
                "objectClass": 4,
                "type": 200,
                "server": 0,
                "num": "853"
            },
            "accent08ID": {
                "objectClass": 4,
                "type": 200,
                "server": 0,
                "num": "34"
            },
            "accent09ID": {
                "objectClass": 4,
                "type": 200,
                "server": 0,
                "num": "438"
            },
            "accent10ID": null,
            "playedByID": null,
            "generation": 3,
            "primaryParentID": {
                "objectClass": 4,
                "type": 11,
                "server": 2,
                "num": "248156"
            },
            "secondaryParentID": {
                "objectClass": 4,
                "type": 11,
                "server": 2,
                "num": "225142"
            },
            "accent01Origin": 3,
            "accent02Origin": 0,
            "accent03Origin": 7,
            "accent04Origin": 4,
            "accent05Origin": 4,
            "accent06Origin": 7,
            "accent07Origin": 0,
            "accent08Origin": 4,
            "accent09Origin": 0,
            "accent10Origin": 0,
            "accent01Rarity": null,
            "accent02Rarity": null,
            "accent03Rarity": null,
            "accent04Rarity": null,
            "accent05Rarity": null,
            "accent06Rarity": null,
            "accent07Rarity": null,
            "accent08Rarity": null,
            "accent09Rarity": null,
            "accent10Rarity": null,
            "daycareType": null,
            "daycareEndDate": null,
            "playerAvatarItemId": null,
            "avatar": null,
            "avatarAccents": null,
            "outfits": null,
            "clothes": null,
            "deferredInitialization": null,
            "babyState": null,
            "OnAddClothing": null,
            "OnRemoveClothing": null,
            "OnUpdateClothing": null,
            "OnPlayerAvatarStateChange": null,
            "OnPlayerAvatarBabyTasksChanged": null,
            "OnPlayerAvatarChildTasksChanged": null,
            "OnPlayerAvatarGrowthPointsChanged": null,
            "OnPlayerAvatarBonusAvailableChanged": null,
            "OnPlayerAvatarParentChanged": null,
            "OnPlayerAvatarDaycareTypeChanged": null,
            "OnTransferClothing": null,
            "primaryParent": null,
            "secondaryParent": null,
            "accentSlotRarities": null,
            "plushPurchaseOrder": null,
            "oid": {
                "objectClass": 4,
                "type": 11,
                "server": 2,
                "num": "252149"
            }
        },
        "primaryParent": {
            "avatarID": {
                "objectClass": 4,
                "type": 10,
                "server": 0,
                "num": "9550974"
            },
            "playerID": {
                "objectClass": 4,
                "type": 1,
                "server": 2,
                "num": "232263"
            },
            "buildingID": null,
            "name": "\"Stella\"",
            "bio": "null",
            "gender": "null",
            "createTS": {
                "handle": "0x7412758960"
            },
            "playerAvatarOutfitId": null,
            "outfitNo": 0,
            "x": 0,
            "y": 0,
            "z": 0,
            "rotation": "null",
            "parentID": null,
            "parentTemplateID": null,
            "parentOrdinal": 0,
            "playTime": null,
            "lastPlay": null,
            "birthDay": null,
            "breed": 0,
            "state": 0,
            "rarity": 1,
            "babyTasks": 0,
            "growthPoints": 0,
            "bonusAvailable": false,
            "skills": [],
            "kidTasks": 0,
            "accent01ID": {
                "objectClass": 4,
                "type": 200,
                "server": 0,
                "num": "430"
            },
            "accent02ID": {
                "objectClass": 4,
                "type": 200,
                "server": 0,
                "num": "429"
            },
            "accent03ID": {
                "objectClass": 4,
                "type": 200,
                "server": 0,
                "num": "435"
            },
            "accent04ID": {
                "objectClass": 4,
                "type": 200,
                "server": 0,
                "num": "436"
            },
            "accent05ID": {
                "objectClass": 4,
                "type": 200,
                "server": 0,
                "num": "442"
            },
            "accent06ID": {
                "objectClass": 4,
                "type": 200,
                "server": 0,
                "num": "437"
            },
            "accent07ID": {
                "objectClass": 4,
                "type": 200,
                "server": 0,
                "num": "853"
            },
            "accent08ID": null,
            "accent09ID": {
                "objectClass": 4,
                "type": 200,
                "server": 0,
                "num": "438"
            },
            "accent10ID": null,
            "playedByID": null,
            "generation": 1,
            "primaryParentID": null,
            "secondaryParentID": null,
            "accent01Origin": null,
            "accent02Origin": null,
            "accent03Origin": null,
            "accent04Origin": null,
            "accent05Origin": null,
            "accent06Origin": null,
            "accent07Origin": null,
            "accent08Origin": null,
            "accent09Origin": null,
            "accent10Origin": null,
            "accent01Rarity": null,
            "accent02Rarity": null,
            "accent03Rarity": null,
            "accent04Rarity": null,
            "accent05Rarity": null,
            "accent06Rarity": null,
            "accent07Rarity": null,
            "accent08Rarity": null,
            "accent09Rarity": null,
            "accent10Rarity": null,
            "daycareType": null,
            "daycareEndDate": null,
            "playerAvatarItemId": null,
            "avatar": null,
            "avatarAccents": null,
            "outfits": null,
            "clothes": null,
            "deferredInitialization": null,
            "babyState": null,
            "OnAddClothing": null,
            "OnRemoveClothing": null,
            "OnUpdateClothing": null,
            "OnPlayerAvatarStateChange": null,
            "OnPlayerAvatarBabyTasksChanged": null,
            "OnPlayerAvatarChildTasksChanged": null,
            "OnPlayerAvatarGrowthPointsChanged": null,
            "OnPlayerAvatarBonusAvailableChanged": null,
            "OnPlayerAvatarParentChanged": null,
            "OnPlayerAvatarDaycareTypeChanged": null,
            "OnTransferClothing": null,
            "primaryParent": null,
            "secondaryParent": null,
            "accentSlotRarities": null,
            "plushPurchaseOrder": null,
            "oid": {
                "objectClass": 4,
                "type": 11,
                "server": 2,
                "num": "248156"
            }
        },
        "secondaryParent": {
            "avatarID": {
                "objectClass": 4,
                "type": 10,
                "server": 0,
                "num": "9464326"
            },
            "playerID": {
                "objectClass": 4,
                "type": 1,
                "server": 2,
                "num": "232263"
            },
            "buildingID": null,
            "name": "\"Aurora\"",
            "bio": "null",
            "gender": "null",
            "createTS": {
                "handle": "0x7412758900"
            },
            "playerAvatarOutfitId": null,
            "outfitNo": 0,
            "x": 0,
            "y": 0,
            "z": 0,
            "rotation": "null",
            "parentID": null,
            "parentTemplateID": null,
            "parentOrdinal": 0,
            "playTime": null,
            "lastPlay": null,
            "birthDay": null,
            "breed": 0,
            "state": 2,
            "rarity": 1,
            "babyTasks": 0,
            "growthPoints": 0,
            "bonusAvailable": false,
            "skills": [],
            "kidTasks": 0,
            "accent01ID": {
                "objectClass": 4,
                "type": 200,
                "server": 0,
                "num": "46"
            },
            "accent02ID": {
                "objectClass": 4,
                "type": 200,
                "server": 0,
                "num": "53"
            },
            "accent03ID": {
                "objectClass": 4,
                "type": 200,
                "server": 0,
                "num": "52"
            },
            "accent04ID": {
                "objectClass": 4,
                "type": 200,
                "server": 0,
                "num": "151"
            },
            "accent05ID": {
                "objectClass": 4,
                "type": 200,
                "server": 0,
                "num": "315"
            },
            "accent06ID": {
                "objectClass": 4,
                "type": 200,
                "server": 0,
                "num": "61"
            },
            "accent07ID": {
                "objectClass": 4,
                "type": 200,
                "server": 0,
                "num": "148"
            },
            "accent08ID": null,
            "accent09ID": {
                "objectClass": 4,
                "type": 200,
                "server": 0,
                "num": "332"
            },
            "accent10ID": null,
            "playedByID": null,
            "generation": 2,
            "primaryParentID": {
                "objectClass": 4,
                "type": 11,
                "server": 2,
                "num": "215857"
            },
            "secondaryParentID": {
                "objectClass": 4,
                "type": 11,
                "server": 2,
                "num": "218851"
            },
            "accent01Origin": 0,
            "accent02Origin": 0,
            "accent03Origin": 0,
            "accent04Origin": 0,
            "accent05Origin": 7,
            "accent06Origin": 4,
            "accent07Origin": 0,
            "accent08Origin": 0,
            "accent09Origin": 7,
            "accent10Origin": 0,
            "accent01Rarity": null,
            "accent02Rarity": null,
            "accent03Rarity": null,
            "accent04Rarity": null,
            "accent05Rarity": null,
            "accent06Rarity": null,
            "accent07Rarity": null,
            "accent08Rarity": null,
            "accent09Rarity": null,
            "accent10Rarity": null,
            "daycareType": null,
            "daycareEndDate": null,
            "playerAvatarItemId": null,
            "avatar": null,
            "avatarAccents": null,
            "outfits": null,
            "clothes": null,
            "deferredInitialization": null,
            "babyState": null,
            "OnAddClothing": null,
            "OnRemoveClothing": null,
            "OnUpdateClothing": null,
            "OnPlayerAvatarStateChange": null,
            "OnPlayerAvatarBabyTasksChanged": null,
            "OnPlayerAvatarChildTasksChanged": null,
            "OnPlayerAvatarGrowthPointsChanged": null,
            "OnPlayerAvatarBonusAvailableChanged": null,
            "OnPlayerAvatarParentChanged": null,
            "OnPlayerAvatarDaycareTypeChanged": null,
            "OnTransferClothing": null,
            "primaryParent": null,
            "secondaryParent": null,
            "accentSlotRarities": null,
            "plushPurchaseOrder": null,
            "oid": {
                "objectClass": 4,
                "type": 11,
                "server": 2,
                "num": "225142"
            }
        }
    }
}