{
    "showcase": {
        "baby": {
            "avatarID": {
                "objectClass": 4,
                "type": 10,
                "server": 0,
                "num": "9550976"
            },
            "playerID": {
                "objectClass": 4,
                "type": 1,
                "server": 2,
                "num": "186812"
            },
            "buildingID": null,
            "name": "\"Bubbles\"",
            "bio": "null",
            "gender": "null",
            "createTS": {
                "handle": "0x7412c5a5a0"
            },
            "playerAvatarOutfitId": null,
            "outfitNo": 0,
            "x": 0,
            "y": 0,
            "z": 0,
            "rotation": "null",
            "parentID": null,
            "parentTemplateID": null,
            "parentOrdinal": 0,
            "playTime": null,
            "lastPlay": null,
            "birthDay": null,
            "breed": 0,
            "state": 2,
            "rarity": 6,
            "babyTasks": 0,
            "growthPoints": 0,
            "bonusAvailable": false,
            "skills": [],
            "kidTasks": 0,
            "accent01ID": {
                "objectClass": 4,
                "type": 200,
                "server": 0,
                "num": "549"
            },
            "accent02ID": {
                "objectClass": 4,
                "type": 200,
                "server": 0,
                "num": "58"
            },
            "accent03ID": {
                "objectClass": 4,
                "type": 200,
                "server": 0,
                "num": "639"
            },
            "accent04ID": {
                "objectClass": 4,
                "type": 200,
                "server": 0,
                "num": "571"
            },
            "accent05ID": {
                "objectClass": 4,
                "type": 200,
                "server": 0,
                "num": "578"
            },
            "accent06ID": {
                "objectClass": 4,
                "type": 200,
                "server": 0,
                "num": "1051"
            },
            "accent07ID": {
                "objectClass": 4,
                "type": 200,
                "server": 0,
                "num": "584"
            },
            "accent08ID": {
                "objectClass": 4,
                "type": 200,
                "server": 0,
                "num": "576"
            },
            "accent09ID": {
                "objectClass": 4,
                "type": 200,
                "server": 0,
                "num": "565"
            },
            "accent10ID": {
                "objectClass": 4,
                "type": 200,
                "server": 0,
                "num": "582"
            },
            "playedByID": null,
            "generation": 8,
            "primaryParentID": {
                "objectClass": 4,
                "type": 11,
                "server": 2,
                "num": "242879"
            },
            "secondaryParentID": {
                "objectClass": 4,
                "type": 11,
                "server": 2,
                "num": "220409"
            },
            "accent01Origin": 4,
            "accent02Origin": 4,
            "accent03Origin": 7,
            "accent04Origin": 6,
            "accent05Origin": 4,
            "accent06Origin": 7,
            "accent07Origin": 4,
            "accent08Origin": 4,
            "accent09Origin": 4,
            "accent10Origin": 0,
            "accent01Rarity": null,
            "accent02Rarity": null,
            "accent03Rarity": null,
            "accent04Rarity": null,
            "accent05Rarity": null,
            "accent06Rarity": null,
            "accent07Rarity": null,
            "accent08Rarity": null,
            "accent09Rarity": null,
            "accent10Rarity": null,
            "daycareType": null,
            "daycareEndDate": null,
            "playerAvatarItemId": null,
            "avatar": null,
            "avatarAccents": null,
            "outfits": null,
            "clothes": null,
            "deferredInitialization": null,
            "babyState": null,
            "OnAddClothing": null,
            "OnRemoveClothing": null,
            "OnUpdateClothing": null,
            "OnPlayerAvatarStateChange": null,
            "OnPlayerAvatarBabyTasksChanged": null,
            "OnPlayerAvatarChildTasksChanged": null,
            "OnPlayerAvatarGrowthPointsChanged": null,
            "OnPlayerAvatarBonusAvailableChanged": null,
            "OnPlayerAvatarParentChanged": null,
            "OnPlayerAvatarDaycareTypeChanged": null,
            "OnTransferClothing": null,
            "primaryParent": null,
            "secondaryParent": null,
            "accentSlotRarities": null,
            "plushPurchaseOrder": null,
            "oid": {
                "objectClass": 4,
                "type": 11,
                "server": 2,
                "num": "251841"
            }
        },
        "primaryParent": {
            "avatarID": {
                "objectClass": 4,
                "type": 10,
                "server": 0,
                "num": "9550976"
            },
            "playerID": {
                "objectClass": 4,
                "type": 1,
                "server": 2,
                "num": "186812"
            },
            "buildingID": null,
            "name": "\"Mitchell\"",
            "bio": "null",
            "gender": "null",
            "createTS": {
                "handle": "0x7412c5a540"
            },
            "playerAvatarOutfitId": null,
            "outfitNo": 0,
            "x": 0,
            "y": 0,
            "z": 0,
            "rotation": "null",
            "parentID": null,
            "parentTemplateID": null,
            "parentOrdinal": 0,
            "playTime": null,
            "lastPlay": null,
            "birthDay": null,
            "breed": 0,
            "state": 2,
            "rarity": 6,
            "babyTasks": 0,
            "growthPoints": 0,
            "bonusAvailable": false,
            "skills": [],
            "kidTasks": 0,
            "accent01ID": {
                "objectClass": 4,
                "type": 200,
                "server": 0,
                "num": "552"
            },
            "accent02ID": {
                "objectClass": 4,
                "type": 200,
                "server": 0,
                "num": "24"
            },
            "accent03ID": {
                "objectClass": 4,
                "type": 200,
                "server": 0,
                "num": "1109"
            },
            "accent04ID": {
                "objectClass": 4,
                "type": 200,
                "server": 0,
                "num": "571"
            },
            "accent05ID": {
                "objectClass": 4,
                "type": 200,
                "server": 0,
                "num": "670"
            },
            "accent06ID": {
                "objectClass": 4,
                "type": 200,
                "server": 0,
                "num": "561"
            },
            "accent07ID": {
                "objectClass": 4,
                "type": 200,
                "server": 0,
                "num": "583"
            },
            "accent08ID": {
                "objectClass": 4,
                "type": 200,
                "server": 0,
                "num": "36"
            },
            "accent09ID": {
                "objectClass": 4,
                "type": 200,
                "server": 0,
                "num": "1097"
            },
            "accent10ID": {
                "objectClass": 4,
                "type": 200,
                "server": 0,
                "num": "582"
            },
            "playedByID": null,
            "generation": 7,
            "primaryParentID": {
                "objectClass": 4,
                "type": 11,
                "server": 2,
                "num": "236917"
            },
            "secondaryParentID": {
                "objectClass": 4,
                "type": 11,
                "server": 2,
                "num": "235282"
            },
            "accent01Origin": 3,
            "accent02Origin": 4,
            "accent03Origin": 7,
            "accent04Origin": 4,
            "accent05Origin": 6,
            "accent06Origin": 4,
            "accent07Origin": 0,
            "accent08Origin": 4,
            "accent09Origin": 7,
            "accent10Origin": 0,
            "accent01Rarity": null,
            "accent02Rarity": null,
            "accent03Rarity": null,
            "accent04Rarity": null,
            "accent05Rarity": null,
            "accent06Rarity": null,
            "accent07Rarity": null,
            "accent08Rarity": null,
            "accent09Rarity": null,
            "accent10Rarity": null,
            "daycareType": null,
            "daycareEndDate": null,
            "playerAvatarItemId": null,
            "avatar": null,
            "avatarAccents": null,
            "outfits": null,
            "clothes": null,
            "deferredInitialization": null,
            "babyState": null,
            "OnAddClothing": null,
            "OnRemoveClothing": null,
            "OnUpdateClothing": null,
            "OnPlayerAvatarStateChange": null,
            "OnPlayerAvatarBabyTasksChanged": null,
            "OnPlayerAvatarChildTasksChanged": null,
            "OnPlayerAvatarGrowthPointsChanged": null,
            "OnPlayerAvatarBonusAvailableChanged": null,
            "OnPlayerAvatarParentChanged": null,
            "OnPlayerAvatarDaycareTypeChanged": null,
            "OnTransferClothing": null,
            "primaryParent": null,
            "secondaryParent": null,
            "accentSlotRarities": null,
            "plushPurchaseOrder": null,
            "oid": {
                "objectClass": 4,
                "type": 11,
                "server": 2,
                "num": "242879"
            }
        },
        "secondaryParent": {
            "avatarID": {
                "objectClass": 4,
                "type": 10,
                "server": 0,
                "num": "9550982"
            },
            "playerID": {
                "objectClass": 4,
                "type": 1,
                "server": 2,
                "num": "186812"
            },
            "buildingID": null,
            "name": "\"Serengeti\"",
            "bio": "null",
            "gender": "null",
            "createTS": {
                "handle": "0x7412c5a480"
            },
            "playerAvatarOutfitId": null,
            "outfitNo": 0,
            "x": 0,
            "y": 0,
            "z": 0,
            "rotation": "null",
            "parentID": null,
            "parentTemplateID": null,
            "parentOrdinal": 0,
            "playTime": null,
            "lastPlay": null,
            "birthDay": null,
            "breed": 0,
            "state": 2,
            "rarity": 6,
            "babyTasks": 0,
            "growthPoints": 0,
            "bonusAvailable": false,
            "skills": [],
            "kidTasks": 0,
            "accent01ID": {
                "objectClass": 4,
                "type": 200,
                "server": 0,
                "num": "644"
            },
            "accent02ID": {
                "objectClass": 4,
                "type": 200,
                "server": 0,
                "num": "1049"
            },
            "accent03ID": {
                "objectClass": 4,
                "type": 200,
                "server": 0,
                "num": "639"
            },
            "accent04ID": {
                "objectClass": 4,
                "type": 200,
                "server": 0,
                "num": "649"
            },
            "accent05ID": {
                "objectClass": 4,
                "type": 200,
                "server": 0,
                "num": "670"
            },
            "accent06ID": {
                "objectClass": 4,
                "type": 200,
                "server": 0,
                "num": "1051"
            },
            "accent07ID": null,
            "accent08ID": {
                "objectClass": 4,
                "type": 200,
                "server": 0,
                "num": "35"
            },
            "accent09ID": {
                "objectClass": 4,
                "type": 200,
                "server": 0,
                "num": "1050"
            },
            "accent10ID": {
                "objectClass": 4,
                "type": 200,
                "server": 0,
                "num": "672"
            },
            "playedByID": null,
            "generation": 3,
            "primaryParentID": {
                "objectClass": 4,
                "type": 11,
                "server": 2,
                "num": "220406"
            },
            "secondaryParentID": {
                "objectClass": 4,
                "type": 11,
                "server": 2,
                "num": "213245"
            },
            "accent01Origin": 4,
            "accent02Origin": 7,
            "accent03Origin": 4,
            "accent04Origin": 4,
            "accent05Origin": 4,
            "accent06Origin": 7,
            "accent07Origin": 0,
            "accent08Origin": 4,
            "accent09Origin": 5,
            "accent10Origin": 0,
            "accent01Rarity": null,
            "accent02Rarity": null,
            "accent03Rarity": null,
            "accent04Rarity": null,
            "accent05Rarity": null,
            "accent06Rarity": null,
            "accent07Rarity": null,
            "accent08Rarity": null,
            "accent09Rarity": null,
            "accent10Rarity": null,
            "daycareType": null,
            "daycareEndDate": null,
            "playerAvatarItemId": null,
            "avatar": null,
            "avatarAccents": null,
            "outfits": null,
            "clothes": null,
            "deferredInitialization": null,
            "babyState": null,
            "OnAddClothing": null,
            "OnRemoveClothing": null,
            "OnUpdateClothing": null,
            "OnPlayerAvatarStateChange": null,
            "OnPlayerAvatarBabyTasksChanged": null,
            "OnPlayerAvatarChildTasksChanged": null,
            "OnPlayerAvatarGrowthPointsChanged": null,
            "OnPlayerAvatarBonusAvailableChanged": null,
            "OnPlayerAvatarParentChanged": null,
            "OnPlayerAvatarDaycareTypeChanged": null,
            "OnTransferClothing": null,
            "primaryParent": null,
            "secondaryParent": null,
            "accentSlotRarities": null,
            "plushPurchaseOrder": null,
            "oid": {
                "objectClass": 4,
                "type": 11,
                "server": 2,
                "num": "220409"
            }
        }
    }
}