{
    "showcase": {
        "baby": {
            "avatarID": {
                "objectClass": 4,
                "type": 10,
                "server": 0,
                "num": "9551007"
            },
            "playerID": {
                "objectClass": 4,
                "type": 1,
                "server": 2,
                "num": "83709"
            },
            "buildingID": null,
            "name": "\"Sweetheart\"",
            "bio": "null",
            "gender": "null",
            "createTS": {
                "handle": "0x7412c5a5a0"
            },
            "playerAvatarOutfitId": null,
            "outfitNo": 0,
            "x": 0,
            "y": 0,
            "z": 0,
            "rotation": "null",
            "parentID": null,
            "parentTemplateID": null,
            "parentOrdinal": 0,
            "playTime": null,
            "lastPlay": null,
            "birthDay": null,
            "breed": 0,
            "state": 2,
            "rarity": 3,
            "babyTasks": 0,
            "growthPoints": 0,
            "bonusAvailable": false,
            "skills": [],
            "kidTasks": 0,
            "accent01ID": {
                "objectClass": 4,
                "type": 200,
                "server": 0,
                "num": "1233"
            },
            "accent02ID": {
                "objectClass": 4,
                "type": 200,
                "server": 0,
                "num": "1377"
            },
            "accent03ID": {
                "objectClass": 4,
                "type": 200,
                "server": 0,
                "num": "1228"
            },
            "accent04ID": null,
            "accent05ID": {
                "objectClass": 4,
                "type": 200,
                "server": 0,
                "num": "685"
            },
            "accent06ID": null,
            "accent07ID": {
                "objectClass": 4,
                "type": 200,
                "server": 0,
                "num": "1243"
            },
            "accent08ID": {
                "objectClass": 4,
                "type": 200,
                "server": 0,
                "num": "1212"
            },
            "accent09ID": {
                "objectClass": 4,
                "type": 200,
                "server": 0,
                "num": "1360"
            },
            "accent10ID": {
                "objectClass": 4,
                "type": 200,
                "server": 0,
                "num": "1351"
            },
            "playedByID": null,
            "generation": 6,
            "primaryParentID": {
                "objectClass": 4,
                "type": 11,
                "server": 2,
                "num": "232933"
            },
            "secondaryParentID": {
                "objectClass": 4,
                "type": 11,
                "server": 2,
                "num": "252340"
            },
            "accent01Origin": 4,
            "accent02Origin": 7,
            "accent03Origin": 4,
            "accent04Origin": 0,
            "accent05Origin": 6,
            "accent06Origin": 0,
            "accent07Origin": 4,
            "accent08Origin": 4,
            "accent09Origin": 7,
            "accent10Origin": 4,
            "accent01Rarity": null,
            "accent02Rarity": null,
            "accent03Rarity": null,
            "accent04Rarity": null,
            "accent05Rarity": null,
            "accent06Rarity": null,
            "accent07Rarity": null,
            "accent08Rarity": null,
            "accent09Rarity": null,
            "accent10Rarity": null,
            "daycareType": null,
            "daycareEndDate": null,
            "playerAvatarItemId": null,
            "avatar": null,
            "avatarAccents": null,
            "outfits": null,
            "clothes": null,
            "deferredInitialization": null,
            "babyState": null,
            "OnAddClothing": null,
            "OnRemoveClothing": null,
            "OnUpdateClothing": null,
            "OnPlayerAvatarStateChange": null,
            "OnPlayerAvatarBabyTasksChanged": null,
            "OnPlayerAvatarChildTasksChanged": null,
            "OnPlayerAvatarGrowthPointsChanged": null,
            "OnPlayerAvatarBonusAvailableChanged": null,
            "OnPlayerAvatarParentChanged": null,
            "OnPlayerAvatarDaycareTypeChanged": null,
            "OnTransferClothing": null,
            "primaryParent": null,
            "secondaryParent": null,
            "accentSlotRarities": null,
            "plushPurchaseOrder": null,
            "oid": {
                "objectClass": 4,
                "type": 11,
                "server": 2,
                "num": "252344"
            }
        },
        "primaryParent": {
            "avatarID": {
                "objectClass": 4,
                "type": 10,
                "server": 0,
                "num": "9551007"
            },
            "playerID": {
                "objectClass": 4,
                "type": 1,
                "server": 2,
                "num": "83709"
            },
            "buildingID": null,
            "name": "\"Sunrise\"",
            "bio": "null",
            "gender": "null",
            "createTS": {
                "handle": "0x7412c5a480"
            },
            "playerAvatarOutfitId": null,
            "outfitNo": 0,
            "x": 0,
            "y": 0,
            "z": 0,
            "rotation": "null",
            "parentID": null,
            "parentTemplateID": null,
            "parentOrdinal": 0,
            "playTime": null,
            "lastPlay": null,
            "birthDay": null,
            "breed": 0,
            "state": 2,
            "rarity": 2,
            "babyTasks": 0,
            "growthPoints": 0,
            "bonusAvailable": false,
            "skills": [],
            "kidTasks": 0,
            "accent01ID": {
                "objectClass": 4,
                "type": 200,
                "server": 0,
                "num": "1236"
            },
            "accent02ID": {
                "objectClass": 4,
                "type": 200,
                "server": 0,
                "num": "117"
            },
            "accent03ID": {
                "objectClass": 4,
                "type": 200,
                "server": 0,
                "num": "1223"
            },
            "accent04ID": null,
            "accent05ID": {
                "objectClass": 4,
                "type": 200,
                "server": 0,
                "num": "685"
            },
            "accent06ID": null,
            "accent07ID": {
                "objectClass": 4,
                "type": 200,
                "server": 0,
                "num": "1242"
            },
            "accent08ID": null,
            "accent09ID": null,
            "accent10ID": {
                "objectClass": 4,
                "type": 200,
                "server": 0,
                "num": "1349"
            },
            "playedByID": null,
            "generation": 5,
            "primaryParentID": {
                "objectClass": 4,
                "type": 11,
                "server": 2,
                "num": "232006"
            },
            "secondaryParentID": {
                "objectClass": 4,
                "type": 11,
                "server": 2,
                "num": "151415"
            },
            "accent01Origin": 3,
            "accent02Origin": 7,
            "accent03Origin": 0,
            "accent04Origin": 0,
            "accent05Origin": 7,
            "accent06Origin": 0,
            "accent07Origin": 4,
            "accent08Origin": 0,
            "accent09Origin": 0,
            "accent10Origin": 0,
            "accent01Rarity": null,
            "accent02Rarity": null,
            "accent03Rarity": null,
            "accent04Rarity": null,
            "accent05Rarity": null,
            "accent06Rarity": null,
            "accent07Rarity": null,
            "accent08Rarity": null,
            "accent09Rarity": null,
            "accent10Rarity": null,
            "daycareType": null,
            "daycareEndDate": null,
            "playerAvatarItemId": null,
            "avatar": null,
            "avatarAccents": null,
            "outfits": null,
            "clothes": null,
            "deferredInitialization": null,
            "babyState": null,
            "OnAddClothing": null,
            "OnRemoveClothing": null,
            "OnUpdateClothing": null,
            "OnPlayerAvatarStateChange": null,
            "OnPlayerAvatarBabyTasksChanged": null,
            "OnPlayerAvatarChildTasksChanged": null,
            "OnPlayerAvatarGrowthPointsChanged": null,
            "OnPlayerAvatarBonusAvailableChanged": null,
            "OnPlayerAvatarParentChanged": null,
            "OnPlayerAvatarDaycareTypeChanged": null,
            "OnTransferClothing": null,
            "primaryParent": null,
            "secondaryParent": null,
            "accentSlotRarities": null,
            "plushPurchaseOrder": null,
            "oid": {
                "objectClass": 4,
                "type": 11,
                "server": 2,
                "num": "232933"
            }
        },
        "secondaryParent": {
            "avatarID": {
                "objectClass": 4,
                "type": 10,
                "server": 0,
                "num": "9551010"
            },
            "playerID": {
                "objectClass": 4,
                "type": 1,
                "server": 2,
                "num": "83709"
            },
            "buildingID": null,
            "name": "\"Romania\"",
            "bio": "null",
            "gender": "null",
            "createTS": {
                "handle": "0x7412c5a420"
            },
            "playerAvatarOutfitId": null,
            "outfitNo": 0,
            "x": 0,
            "y": 0,
            "z": 0,
            "rotation": "null",
            "parentID": null,
            "parentTemplateID": null,
            "parentOrdinal": 0,
            "playTime": null,
            "lastPlay": null,
            "birthDay": null,
            "breed": 0,
            "state": 0,
            "rarity": 1,
            "babyTasks": 0,
            "growthPoints": 0,
            "bonusAvailable": false,
            "skills": [],
            "kidTasks": 0,
            "accent01ID": {
                "objectClass": 4,
                "type": 200,
                "server": 0,
                "num": "1368"
            },
            "accent02ID": {
                "objectClass": 4,
                "type": 200,
                "server": 0,
                "num": "1377"
            },
            "accent03ID": null,
            "accent04ID": null,
            "accent05ID": {
                "objectClass": 4,
                "type": 200,
                "server": 0,
                "num": "1355"
            },
            "accent06ID": null,
            "accent07ID": null,
            "accent08ID": null,
            "accent09ID": {
                "objectClass": 4,
                "type": 200,
                "server": 0,
                "num": "1360"
            },
            "accent10ID": null,
            "playedByID": null,
            "generation": 1,
            "primaryParentID": null,
            "secondaryParentID": null,
            "accent01Origin": null,
            "accent02Origin": null,
            "accent03Origin": null,
            "accent04Origin": null,
            "accent05Origin": null,
            "accent06Origin": null,
            "accent07Origin": null,
            "accent08Origin": null,
            "accent09Origin": null,
            "accent10Origin": null,
            "accent01Rarity": null,
            "accent02Rarity": null,
            "accent03Rarity": null,
            "accent04Rarity": null,
            "accent05Rarity": null,
            "accent06Rarity": null,
            "accent07Rarity": null,
            "accent08Rarity": null,
            "accent09Rarity": null,
            "accent10Rarity": null,
            "daycareType": null,
            "daycareEndDate": null,
            "playerAvatarItemId": null,
            "avatar": null,
            "avatarAccents": null,
            "outfits": null,
            "clothes": null,
            "deferredInitialization": null,
            "babyState": null,
            "OnAddClothing": null,
            "OnRemoveClothing": null,
            "OnUpdateClothing": null,
            "OnPlayerAvatarStateChange": null,
            "OnPlayerAvatarBabyTasksChanged": null,
            "OnPlayerAvatarChildTasksChanged": null,
            "OnPlayerAvatarGrowthPointsChanged": null,
            "OnPlayerAvatarBonusAvailableChanged": null,
            "OnPlayerAvatarParentChanged": null,
            "OnPlayerAvatarDaycareTypeChanged": null,
            "OnTransferClothing": null,
            "primaryParent": null,
            "secondaryParent": null,
            "accentSlotRarities": null,
            "plushPurchaseOrder": null,
            "oid": {
                "objectClass": 4,
                "type": 11,
                "server": 2,
                "num": "252340"
            }
        }
    }
}